YEAR,MONTH,DATE,INCOME,CATEGORY,CATEGORY_COUNT,CAT_TOT,CAT_INCM_PCENT,CAT_NEW,CAT_NEW_TOT,CAT_NEW_INCM_PCENT,CAT_OLD_BENCHMARK
2020,7,1/07/2020,13218.79,Auto & transport,5,12.5,0.094562362,Need,9364.7,70.84385182,1
2020,6,8/06/2020,8068.83,Auto & transport,8,165.56,2.051846426,Need,7149.73,88.60925314,1
2020,5,12/05/2020,10760.91,Auto & transport,4,62.52,0.580991756,Need,7574.92,70.39293145,1
2020,3,2/03/2020,44410.36,Auto & transport,8,122.54,0.275926608,Need,44781.45,100.8355933,1
2020,2,1/02/2020,8157.21,Auto & transport,19,376.86,4.619961972,Need,5731.9,70.26789797,1
2020,1,10/01/2020,11570.92,Auto & transport,3,51.03,0.441019383,Need,1541.44,13.32167192,1
2019,12,2/12/2019,9217.77,Auto & transport,17,228.35,2.477280297,Need,6569.77,71.27287836,1
2019,11,2/11/2019,15395.47,Auto & transport,16,214.38,1.39248753,Need,9513.56,61.79454086,1
2019,10,6/10/2019,9290.04,Auto & transport,13,313.16,3.370921977,Need,5691.75,61.26722813,1
2019,9,2/09/2019,11849.86,Auto & transport,19,237.62,2.005255758,Need,7830.33,66.07951486,1
2019,8,1/08/2019,11394.65,Auto & transport,29,778.56,6.832680249,Need,7361.58,64.60558244,1
2019,7,1/07/2019,7783.18,Auto & transport,31,475.97,6.115366727,Need,8152.12,104.7402219,1
2019,6,4/06/2019,59160.3,Auto & transport,24,374.49,0.63300896,Need,6379.46,10.78334626,1
2019,5,1/05/2019,7072.1,Auto & transport,28,416.86,5.894430226,Need,5997.61,84.80663452,1
2019,4,1/04/2019,36185.65,Auto & transport,26,455.98,1.26011278,Need,6772.9,18.71708813,1
2019,3,1/03/2019,33860.19,Auto & transport,32,1182.32,3.491770129,Need,8454.55,24.96899752,1
2019,2,4/02/2019,8229.01,Auto & transport,21,515.11,6.259683729,Need,5728.05,69.60800874,1
2019,1,3/01/2019,14402.89,Auto & transport,15,222.78,1.546772905,Need,4566.13,31.70287352,1
2018,12,3/12/2018,7558.02,Auto & transport,19,396.2,5.242113675,Need,6858.88,90.7496937,1
2018,11,1/11/2018,7125.5,Auto & transport,30,575.5,8.076626202,Need,5471.5,76.78759385,1
2018,10,2/10/2018,6801.5,Auto & transport,13,238.56,3.507461589,Need,5791.3,85.14739396,1
2018,9,3/09/2018,7771.21,Auto & transport,22,483.24,6.218336655,Need,6003.91,77.25836774,1
2018,8,13/08/2018,7667.51,Auto & transport,17,376.72,4.913198679,Need,-3511.19,-45.79309319,1
2020,7,2/07/2020,13218.79,Bottleshops,30,1200,4.607078258,Desire,4598.86,34.79032498,1
2020,6,30/06/2020,8068.83,Bottleshops,20,1000,12.39337054,Desire,1768.45,21.91705613,1
2020,5,30/05/2020,10760.91,Bottleshops,15,500,4.646447187,Desire,6280.45,58.36355847,1
2020,4,30/04/2020,24528.98,Bottleshops,15,400,1.223043111,Desire,2595.43,10.58107594,1
2020,3,10/03/2020,44410.36,Bottleshops,1,39,0.087817347,Desire,2207.66,4.971047296,1
2020,1,23/01/2020,11570.92,Bottleshops,1,145,1.253141496,Desire,4374.87,37.80918026,1
2019,12,10/12/2019,9217.77,Bottleshops,2,84.74,0.919311287,Desire,3915.1,42.47339649,1
2019,11,16/11/2019,15395.47,Bottleshops,2,65.9,0.428047991,Desire,948.33,6.159798954,1
2019,10,18/10/2019,9290.04,Bottleshops,4,96.81,1.04208378,Desire,5934.68,63.88217919,1
2019,9,3/09/2019,11849.86,Bottleshops,3,72,0.607602115,Desire,8039.05,67.84088588,1
2019,8,22/08/2019,11394.65,Bottleshops,3,32,0.280833549,Desire,5404.24,47.42787185,1
2019,5,8/05/2019,7072.1,Bottleshops,1,23.8,0.336533703,Desire,4910.67,69.43722515,1
2019,3,4/03/2019,33860.19,Bottleshops,1,7.45,0.022002239,Desire,2172.84,6.417093348,1
2019,2,3/02/2019,8229.01,Bottleshops,3,69,0.838496976,Desire,1178.83,14.32529551,1
2019,1,22/01/2019,14402.89,Bottleshops,1,69.99,0.48594414,Desire,9676.3,67.18304451,1
2018,12,18/12/2018,7558.02,Bottleshops,2,69.9,0.924845396,Desire,3166.63,41.8976134,1
2018,11,10/11/2018,7125.5,Bottleshops,1,21,0.29471616,Desire,4916.64,69.00063153,1
2018,9,28/09/2018,7771.21,Bottleshops,2,49.5,0.636966444,Desire,3370.38,43.37008008,1
2020,7,1/07/2020,13218.79,Cash Out,5,3246.06,24.55640796,Desire,4598.86,34.79032498,1
2020,6,13/06/2020,8068.83,Cash Out,1,150,1.859005581,Desire,1768.45,21.91705613,1
2020,5,25/05/2020,10760.91,Cash Out,2,1150,10.68682853,Desire,6280.45,58.36355847,1
2020,4,7/04/2020,24528.98,Cash Out,2,1420,5.789070724,Desire,2595.43,10.58107594,1
2020,3,4/03/2020,44410.36,Cash Out,4,1681,3.785152834,Desire,2207.66,4.971047296,1
2020,2,1/02/2020,8157.21,Cash Out,8,1217,14.91931678,Desire,6381.31,78.22907587,1
2020,1,7/01/2020,11570.92,Cash Out,2,4000,34.56942058,Desire,4374.87,37.80918026,1
2019,12,21/12/2019,9217.77,Cash Out,2,1100,11.93347198,Desire,3915.1,42.47339649,1
2019,10,2/10/2019,9290.04,Cash Out,6,3781.45,40.70434573,Desire,5934.68,63.88217919,1
2019,9,14/09/2019,11849.86,Cash Out,6,3200.07,27.00512917,Desire,8039.05,67.84088588,1
2019,8,4/08/2019,11394.65,Cash Out,8,3125,27.42515128,Desire,5404.24,47.42787185,1
2019,7,2/07/2019,7783.18,Cash Out,2,1200,15.41786262,Desire,1761.24,22.62879697,1
2019,6,1/06/2019,59160.3,Cash Out,2,400,0.676129093,Desire,968.49,1.637060664,1
2019,5,5/05/2019,7072.1,Cash Out,3,650,9.191046507,Desire,4910.67,69.43722515,1
2019,4,1/04/2019,36185.65,Cash Out,4,5581.86,15.42561761,Desire,6109.74,16.88442794,1
2019,3,6/03/2019,33860.19,Cash Out,6,807.5,2.384806464,Desire,2172.84,6.417093348,1
2019,2,15/02/2019,8229.01,Cash Out,5,555,6.744432198,Desire,1178.83,14.32529551,1
2019,1,21/01/2019,14402.89,Cash Out,2,4480,31.10486854,Desire,9676.3,67.18304451,1
2018,12,9/12/2018,7558.02,Cash Out,4,640,8.46782623,Desire,3166.63,41.8976134,1
2018,11,1/11/2018,7125.5,Cash Out,3,450,6.315346291,Desire,4916.64,69.00063153,1
2018,10,7/10/2018,6801.5,Cash Out,5,2401.49,35.30824083,Desire,2979.52,43.80680732,1
2018,9,1/09/2018,7771.21,Cash Out,5,1210,15.57029086,Desire,3370.38,43.37008008,1
2018,8,13/08/2018,7667.51,Cash Out,4,1780,23.21483767,Desire,5947.96,77.57355387,1
2020,7,31/07/2020,13218.79,Chemists,1,85,0.643024059,Need,9364.7,70.84385182,1
2020,6,1/06/2020,8068.83,Chemists,2,30.44,0.377254199,Need,7149.73,88.60925314,1
2020,5,11/05/2020,10760.91,Chemists,3,208.94,1.941657351,Need,7574.92,70.39293145,1
2020,3,16/03/2020,44410.36,Chemists,3,73.95,0.166515201,Need,44781.45,100.8355933,1
2020,2,14/02/2020,8157.21,Chemists,1,75.6,0.926787468,Need,5731.9,70.26789797,1
2019,11,8/11/2019,15395.47,Chemists,9,425.4,2.763150459,Need,9513.56,61.79454086,1
2019,10,11/10/2019,9290.04,Chemists,2,52.89,0.5693194,Need,5691.75,61.26722813,1
2019,9,11/09/2019,11849.86,Chemists,1,30.98,0.261437688,Need,7830.33,66.07951486,1
2019,8,8/08/2019,11394.65,Chemists,3,189.47,1.662797892,Need,7361.58,64.60558244,1
2019,7,17/07/2019,7783.18,Chemists,4,152.96,1.965263556,Need,8152.12,104.7402219,1
2019,4,1/04/2019,36185.65,Chemists,3,67.37,0.186178775,Need,6772.9,18.71708813,1
2019,3,1/03/2019,33860.19,Chemists,1,6.99,0.020643712,Need,8454.55,24.96899752,1
2018,12,1/12/2018,7558.02,Chemists,1,25.97,0.343608511,Need,6858.88,90.7496937,1
2018,11,7/11/2018,7125.5,Chemists,3,51.19,0.718405726,Need,5471.5,76.78759385,1
2018,9,11/09/2018,7771.21,Chemists,1,50,0.643400449,Need,6003.91,77.25836774,1
2018,8,29/08/2018,7667.51,Chemists,1,10.98,0.143201639,Need,-3511.19,-45.79309319,1
2020,7,11/07/2020,13218.79,Education,2,22.75,0.172103498,Desire,4598.86,34.79032498,5
2020,6,1/06/2020,8068.83,Education,4,35.64,0.441699726,Desire,1768.45,21.91705613,5
2020,5,21/05/2020,10760.91,Education,1,4189,38.92793453,Desire,6280.45,58.36355847,5
2020,4,5/04/2020,24528.98,Education,4,794.95,3.240860403,Desire,2595.43,10.58107594,5
2020,3,5/03/2020,44410.36,Education,2,83.8,0.18869471,Desire,2207.66,4.971047296,5
2020,2,21/02/2020,8157.21,Education,2,4174.98,51.18147014,Desire,6381.31,78.22907587,5
2020,1,22/01/2020,11570.92,Education,1,24.22,0.209317842,Desire,4374.87,37.80918026,5
2019,11,1/11/2019,15395.47,Education,4,53.82,0.349583351,Desire,948.33,6.159798954,5
2019,10,13/10/2019,9290.04,Education,1,4.98,0.053605797,Desire,5934.68,63.88217919,5
2019,9,17/09/2019,11849.86,Education,2,4072,34.36327518,Desire,8039.05,67.84088588,5
2019,7,5/07/2019,7783.18,Education,5,60.2,0.773462775,Desire,1761.24,22.62879697,5
2019,6,10/06/2019,59160.3,Education,1,21.19,0.035817939,Desire,968.49,1.637060664,5
2019,5,8/05/2019,7072.1,Education,6,3869.24,54.71133044,Desire,4910.67,69.43722515,5
2019,4,14/04/2019,36185.65,Education,1,9,0.024871738,Desire,6109.74,16.88442794,5
2019,3,2/03/2019,33860.19,Education,2,99.67,0.294357474,Desire,2172.84,6.417093348,5
2019,2,2/02/2019,8229.01,Education,1,67.7,0.822699207,Desire,1178.83,14.32529551,5
2019,1,2/01/2019,14402.89,Education,2,3516.16,24.41287825,Desire,9676.3,67.18304451,5
2018,12,2/12/2018,7558.02,Education,1,67.26,0.889915613,Desire,3166.63,41.8976134,5
2018,11,2/11/2018,7125.5,Education,3,142.32,1.99733352,Desire,4916.64,69.00063153,5
2018,10,2/10/2018,6801.5,Education,3,94,1.382048078,Desire,2979.52,43.80680732,5
2018,9,2/09/2018,7771.21,Education,4,187.92,2.418156246,Desire,3370.38,43.37008008,5
2018,8,17/08/2018,7667.51,Education,2,3374.5,44.01037625,Desire,5947.96,77.57355387,5
2020,6,13/06/2020,8068.83,Entertainment,1,7.49,0.092826345,Desire,1768.45,21.91705613,3
2019,12,13/12/2019,9217.77,Entertainment,1,155.88,1.691081465,Desire,3915.1,42.47339649,3
2019,11,20/11/2019,15395.47,Entertainment,1,28,0.18187168,Desire,948.33,6.159798954,3
2019,10,3/10/2019,9290.04,Entertainment,3,72.6,0.781482103,Desire,5934.68,63.88217919,3
2019,9,14/09/2019,11849.86,Entertainment,4,95.57,0.806507419,Desire,8039.05,67.84088588,3
2019,8,4/08/2019,11394.65,Entertainment,2,51.92,0.455652433,Desire,5404.24,47.42787185,3
2019,7,14/07/2019,7783.18,Entertainment,1,25.2,0.323775115,Desire,1761.24,22.62879697,3
2019,6,2/06/2019,59160.3,Entertainment,1,15,0.025354841,Desire,968.49,1.637060664,3
2019,4,7/04/2019,36185.65,Entertainment,2,44.9,0.124082337,Desire,6109.74,16.88442794,3
2019,3,10/03/2019,33860.19,Entertainment,2,63,0.186059204,Desire,2172.84,6.417093348,3
2019,2,10/02/2019,8229.01,Entertainment,5,65.5,0.795964521,Desire,1178.83,14.32529551,3
2018,10,10/10/2018,6801.5,Entertainment,3,48.96,0.719841211,Desire,2979.52,43.80680732,3
2018,8,23/08/2018,7667.51,Entertainment,1,12,0.156504524,Desire,5947.96,77.57355387,3
2020,7,1/07/2020,13218.79,Fast food restaurants,2,115.94,0.877084816,Desire,4598.86,34.79032498,1
2020,6,12/06/2020,8068.83,Fast food restaurants,1,30,0.371801116,Desire,1768.45,21.91705613,1
2020,2,1/02/2020,8157.21,Fast food restaurants,7,133.93,1.641860391,Desire,6381.31,78.22907587,1
2020,1,18/01/2020,11570.92,Fast food restaurants,6,140.49,1.214164474,Desire,4374.87,37.80918026,1
2019,12,6/12/2019,9217.77,Fast food restaurants,5,103.6,1.123916088,Desire,3915.1,42.47339649,1
2019,11,10/11/2019,15395.47,Fast food restaurants,2,80.9,0.525479248,Desire,948.33,6.159798954,1
2019,10,6/10/2019,9290.04,Fast food restaurants,8,94.5,1.01721844,Desire,5934.68,63.88217919,1
2019,9,14/09/2019,11849.86,Fast food restaurants,6,84.8,0.715620269,Desire,8039.05,67.84088588,1
2019,8,2/08/2019,11394.65,Fast food restaurants,8,47.3,0.41510709,Desire,5404.24,47.42787185,1
2019,7,9/07/2019,7783.18,Fast food restaurants,5,36.3,0.466390344,Desire,1761.24,22.62879697,1
2019,6,5/06/2019,59160.3,Fast food restaurants,4,36.62,0.061899618,Desire,968.49,1.637060664,1
2019,5,3/05/2019,7072.1,Fast food restaurants,3,28.73,0.406244256,Desire,4910.67,69.43722515,1
2019,4,14/04/2019,36185.65,Fast food restaurants,4,85.14,0.23528664,Desire,6109.74,16.88442794,1
2019,3,9/03/2019,33860.19,Fast food restaurants,8,234.22,0.691726774,Desire,2172.84,6.417093348,1
2019,2,4/02/2019,8229.01,Fast food restaurants,8,230.47,2.800701421,Desire,1178.83,14.32529551,1
2019,1,17/01/2019,14402.89,Fast food restaurants,3,28.8,0.199959869,Desire,9676.3,67.18304451,1
2018,12,3/12/2018,7558.02,Fast food restaurants,9,94.2,1.246358173,Desire,3166.63,41.8976134,1
2018,11,3/11/2018,7125.5,Fast food restaurants,9,128.5,1.803382219,Desire,4916.64,69.00063153,1
2018,10,1/10/2018,6801.5,Fast food restaurants,10,229.1,3.368374623,Desire,2979.52,43.80680732,1
2018,9,9/09/2018,7771.21,Fast food restaurants,18,468.47,6.028276163,Desire,3370.38,43.37008008,1
2018,8,14/08/2018,7667.51,Fast food restaurants,4,155.98,2.034297966,Desire,5947.96,77.57355387,1
2020,7,9/07/2020,13218.79,Fees & charges,1,500,3.782494464,Desire,4598.86,34.79032498,0
2020,6,10/06/2020,8068.83,Fees & charges,1,300,3.718011161,Desire,1768.45,21.91705613,0
2020,5,9/05/2020,10760.91,Fees & charges,1,400,3.71715775,Desire,6280.45,58.36355847,0
2020,2,10/02/2020,8157.21,Fees & charges,2,30.72,0.376599352,Desire,6381.31,78.22907587,0
2020,1,1/01/2020,11570.92,Fees & charges,2,0.51,0.004407601,Desire,4374.87,37.80918026,0
2019,12,1/12/2019,9217.77,Fees & charges,2,10.28,0.11152372,Desire,3915.1,42.47339649,0
2019,11,1/11/2019,15395.47,Fees & charges,2,10.07,0.065408851,Desire,948.33,6.159798954,0
2019,9,6/09/2019,11849.86,Fees & charges,3,4.03,0.034008841,Desire,8039.05,67.84088588,0
2019,5,8/05/2019,7072.1,Fees & charges,3,7.93,0.112130767,Desire,4910.67,69.43722515,0
2019,4,1/04/2019,36185.65,Fees & charges,2,0.33,0.000911964,Desire,6109.74,16.88442794,0
2019,3,2/03/2019,33860.19,Fees & charges,3,12.99,0.038363636,Desire,2172.84,6.417093348,0
2019,2,2/02/2019,8229.01,Fees & charges,1,2.03,0.024668824,Desire,1178.83,14.32529551,0
2019,1,2/01/2019,14402.89,Fees & charges,2,2.4,0.016663322,Desire,9676.3,67.18304451,0
2018,12,2/12/2018,7558.02,Fees & charges,2,4.52,0.059804023,Desire,3166.63,41.8976134,0
2018,11,2/11/2018,7125.5,Fees & charges,3,2.95,0.041400603,Desire,4916.64,69.00063153,0
2018,10,2/10/2018,6801.5,Fees & charges,3,5.68,0.08351099,Desire,2979.52,43.80680732,0
2018,9,1/09/2018,7771.21,Fees & charges,2,2.24,0.02882434,Desire,3370.38,43.37008008,0
2018,8,21/08/2018,7667.51,Fees & charges,2,10.3,0.134333049,Desire,5947.96,77.57355387,0
2020,7,21/07/2020,13218.79,Gifts & donations,1,5.5,0.041607439,Desire,4598.86,34.79032498,1
2020,3,3/03/2020,44410.36,Gifts & donations,3,180,0.405310833,Desire,2207.66,4.971047296,1
2020,2,5/02/2020,8157.21,Gifts & donations,4,105.58,1.294315091,Desire,6381.31,78.22907587,1
2019,10,14/10/2019,9290.04,Gifts & donations,2,48.98,0.527231314,Desire,5934.68,63.88217919,1
2019,9,1/09/2019,11849.86,Gifts & donations,1,10,0.084389183,Desire,8039.05,67.84088588,1
2019,8,13/08/2019,11394.65,Gifts & donations,1,12,0.105312581,Desire,5404.24,47.42787185,1
2019,6,3/06/2019,59160.3,Gifts & donations,3,179,0.302567769,Desire,968.49,1.637060664,1
2019,5,24/05/2019,7072.1,Gifts & donations,1,28,0.395922003,Desire,4910.67,69.43722515,1
2019,4,5/04/2019,36185.65,Gifts & donations,1,8,0.022108211,Desire,6109.74,16.88442794,1
2019,3,6/03/2019,33860.19,Gifts & donations,1,85,0.251032259,Desire,2172.84,6.417093348,1
2019,2,15/02/2019,8229.01,Gifts & donations,4,46.45,0.564466443,Desire,1178.83,14.32529551,1
2018,12,31/12/2018,7558.02,Gifts & donations,1,37,0.489546204,Desire,3166.63,41.8976134,1
2018,11,6/11/2018,7125.5,Gifts & donations,1,85,1.192898744,Desire,4916.64,69.00063153,1
2018,10,19/10/2018,6801.5,Gifts & donations,1,5,0.073513196,Desire,2979.52,43.80680732,1
2018,9,9/09/2018,7771.21,Gifts & donations,1,8,0.102944072,Desire,3370.38,43.37008008,1
2020,7,1/07/2020,13218.79,Grocery & supermarkets,42,899.42,6.804102342,Need,9364.7,70.84385182,8
2020,6,1/06/2020,8068.83,Grocery & supermarkets,39,743.94,9.219924078,Need,7149.73,88.60925314,8
2020,5,3/05/2020,10760.91,Grocery & supermarkets,35,907.91,8.437111731,Need,7574.92,70.39293145,8
2020,4,8/04/2020,24528.98,Grocery & supermarkets,12,497.91,2.029884651,Need,17859.83,72.81114013,8
2020,3,1/03/2020,44410.36,Grocery & supermarkets,50,1180.15,2.657375441,Need,44781.45,100.8355933,8
2020,2,1/02/2020,8157.21,Grocery & supermarkets,41,736,9.022692808,Need,5731.9,70.26789797,8
2020,1,21/01/2020,11570.92,Grocery & supermarkets,6,178.14,1.539549146,Need,1541.44,13.32167192,8
2019,12,2/12/2019,9217.77,Grocery & supermarkets,13,276.61,3.000834258,Need,6569.77,71.27287836,8
2019,11,1/11/2019,15395.47,Grocery & supermarkets,50,753.02,4.891179029,Need,9513.56,61.79454086,8
2019,10,1/10/2019,9290.04,Grocery & supermarkets,35,611.35,6.580703635,Need,5691.75,61.26722813,8
2019,9,1/09/2019,11849.86,Grocery & supermarkets,54,740.29,6.247246803,Need,7830.33,66.07951486,8
2019,8,1/08/2019,11394.65,Grocery & supermarkets,58,829.67,7.281224083,Need,7361.58,64.60558244,8
2019,7,1/07/2019,7783.18,Grocery & supermarkets,44,804.08,10.33099581,Need,8152.12,104.7402219,8
2019,6,1/06/2019,59160.3,Grocery & supermarkets,45,911.5,1.540729171,Need,6379.46,10.78334626,8
2019,5,1/05/2019,7072.1,Grocery & supermarkets,55,905.2,12.79959277,Need,5997.61,84.80663452,8
2019,4,1/04/2019,36185.65,Grocery & supermarkets,47,789.1,2.180698702,Need,6772.9,18.71708813,8
2019,3,1/03/2019,33860.19,Grocery & supermarkets,50,917.49,2.709642208,Need,8454.55,24.96899752,8
2019,2,3/02/2019,8229.01,Grocery & supermarkets,41,737.02,8.956362916,Need,5728.05,69.60800874,8
2019,1,2/01/2019,14402.89,Grocery & supermarkets,18,311.17,2.160469184,Need,4566.13,31.70287352,8
2018,12,1/12/2018,7558.02,Grocery & supermarkets,30,683.29,9.040595288,Need,6858.88,90.7496937,8
2018,11,1/11/2018,7125.5,Grocery & supermarkets,49,829.36,11.63932356,Need,5471.5,76.78759385,8
2018,10,3/10/2018,6801.5,Grocery & supermarkets,45,650.08,9.557891642,Need,5791.3,85.14739396,8
2018,9,1/09/2018,7771.21,Grocery & supermarkets,49,751.88,9.675198586,Need,6003.91,77.25836774,8
2018,8,13/08/2018,7667.51,Grocery & supermarkets,31,520.11,6.783297316,Need,-3511.19,-45.79309319,8
2020,2,13/02/2020,8157.21,"Hotels, motels & resorts",1,597.67,7.326892406,Desire,6381.31,78.22907587,5
2019,10,25/10/2019,9290.04,"Hotels, motels & resorts",1,1488.45,16.02199775,Desire,5934.68,63.88217919,5
2019,3,2/03/2019,33860.19,"Hotels, motels & resorts",1,365.41,1.079172917,Desire,2172.84,6.417093348,5
2019,2,15/02/2019,8229.01,"Hotels, motels & resorts",1,19.75,0.240004569,Desire,1178.83,14.32529551,5
2019,1,16/01/2019,14402.89,"Hotels, motels & resorts",1,1078.85,7.490510585,Desire,9676.3,67.18304451,5
2018,8,14/08/2018,7667.51,"Hotels, motels & resorts",2,457.33,5.964517816,Desire,5947.96,77.57355387,5
2020,7,1/07/2020,13218.79,Insurance,3,404.95,3.063442267,Need,9364.7,70.84385182,1
2020,6,1/06/2020,8068.83,Insurance,5,572.2,7.091486622,Need,7149.73,88.60925314,1
2020,5,1/05/2020,10760.91,Insurance,3,431.73,4.012021288,Need,7574.92,70.39293145,1
2020,4,2/04/2020,24528.98,Insurance,4,508.69,2.073832667,Need,17859.83,72.81114013,1
2020,3,2/03/2020,44410.36,Insurance,7,1197.96,2.697478696,Need,44781.45,100.8355933,1
2020,2,3/02/2020,8157.21,Insurance,4,509.22,6.242575587,Need,5731.9,70.26789797,1
2020,1,2/01/2020,11570.92,Insurance,5,580.4,5.016022926,Need,1541.44,13.32167192,1
2019,12,2/12/2019,9217.77,Insurance,6,657.36,7.131442854,Need,6569.77,71.27287836,1
2019,11,1/11/2019,15395.47,Insurance,4,503.44,3.270052814,Need,9513.56,61.79454086,1
2019,10,1/10/2019,9290.04,Insurance,5,580.4,6.247551141,Need,5691.75,61.26722813,1
2019,9,2/09/2019,11849.86,Insurance,5,612.58,5.169512551,Need,7830.33,66.07951486,1
2019,8,1/08/2019,11394.65,Insurance,5,598.85,5.25553659,Need,7361.58,64.60558244,1
2019,7,1/07/2019,7783.18,Insurance,5,525.05,6.745957308,Need,8152.12,104.7402219,1
2019,6,3/06/2019,59160.3,Insurance,2,300.06,0.507198239,Need,6379.46,10.78334626,1
2019,5,1/05/2019,7072.1,Insurance,4,448.43,6.340832285,Need,5997.61,84.80663452,1
2019,4,1/04/2019,36185.65,Insurance,5,523.64,1.447092977,Need,6772.9,18.71708813,1
2019,3,1/03/2019,33860.19,Insurance,4,437.22,1.291250876,Need,8454.55,24.96899752,1
2019,2,1/02/2019,8229.01,Insurance,4,415.47,5.048845487,Need,5728.05,69.60800874,1
2019,1,2/01/2019,14402.89,Insurance,4,437.95,3.040709191,Need,4566.13,31.70287352,1
2018,12,3/12/2018,7558.02,Insurance,4,437.95,5.794507027,Need,6858.88,90.7496937,1
2018,11,1/11/2018,7125.5,Insurance,4,437.95,6.146235352,Need,5471.5,76.78759385,1
2018,10,1/10/2018,6801.5,Insurance,5,514.16,7.559508932,Need,5791.3,85.14739396,1
2018,9,3/09/2018,7771.21,Insurance,3,361.74,4.654873565,Need,6003.91,77.25836774,1
2018,8,30/08/2018,7667.51,Insurance,1,76.21,0.993934146,Need,-3511.19,-45.79309319,1
2020,7,16/07/2020,13218.79,Investments,1,200,1.512997786,Investment,200,1.512997786,20
2020,6,17/06/2020,8068.83,Investments,1,200,2.478674108,Investment,200,2.478674108,20
2020,5,16/05/2020,10760.91,Investments,1,200,1.858578875,Investment,200,1.858578875,20
2020,4,17/04/2020,24528.98,Investments,1,200,0.815362074,Investment,200,0.815362074,20
2020,3,16/03/2020,44410.36,Investments,1,200,0.45034537,Investment,200,0.45034537,20
2020,2,16/02/2020,8157.21,Investments,1,200,2.451818698,Investment,200,2.451818698,20
2020,1,16/01/2020,11570.92,Investments,1,200,1.728471029,Investment,200,1.728471029,20
2019,12,16/12/2019,9217.77,Investments,1,200,2.169722178,Investment,200,2.169722178,20
2019,11,16/11/2019,15395.47,Investments,1,200,1.299083432,Investment,200,1.299083432,20
2019,10,16/10/2019,9290.04,Investments,2,430,4.628613009,Investment,430,4.628613009,20
2019,9,16/09/2019,11849.86,Investments,2,430,3.628734854,Investment,430,3.628734854,20
2019,8,16/08/2019,11394.65,Investments,2,430,3.773700816,Investment,430,3.773700816,20
2019,7,1/07/2019,7783.18,Investments,3,10430,134.0069226,Investment,10430,134.0069226,20
2019,6,1/06/2019,59160.3,Investments,5,50430,85.24297544,Investment,50430,85.24297544,20
2019,5,1/05/2019,7072.1,Investments,3,60430,854.4845237,Investment,60430,854.4845237,20
2019,4,16/04/2019,36185.65,Investments,2,430,1.188316363,Investment,430,1.188316363,20
2019,3,14/03/2019,33860.19,Investments,3,25200.42,74.42492201,Investment,25200.42,74.42492201,20
2019,2,16/02/2019,8229.01,Investments,2,430,5.225415937,Investment,430,5.225415937,20
2019,1,16/01/2019,14402.89,Investments,2,500,3.471525506,Investment,500,3.471525506,20
2018,12,16/12/2018,7558.02,Investments,2,500,6.615489242,Investment,500,6.615489242,20
2018,11,16/11/2018,7125.5,Investments,2,500,7.017051435,Investment,500,7.017051435,20
2018,10,16/10/2018,6801.5,Investments,2,500,7.351319562,Investment,500,7.351319562,20
2018,9,16/09/2018,7771.21,Investments,1,500,6.434004486,Investment,500,6.434004486,20
2018,8,16/08/2018,7667.51,Investments,1,500,6.521021818,Investment,500,6.521021818,20
2020,7,6/07/2020,13218.79,Loan Pay,9,7480,56.58611719,Need,9364.7,70.84385182,33
2020,6,1/06/2020,8068.83,Loan Pay,7,3490,43.25286318,Need,7149.73,88.60925314,33
2020,5,4/05/2020,10760.91,Loan Pay,6,5480,50.92506117,Need,7574.92,70.39293145,33
2020,4,6/04/2020,24528.98,Loan Pay,9,16360,66.69661763,Need,17859.83,72.81114013,33
2020,3,2/03/2020,44410.36,Loan Pay,9,41470,93.37911244,Need,44781.45,100.8355933,33
2020,2,3/02/2020,8157.21,Loan Pay,4,3480,42.66164534,Need,5731.9,70.26789797,33
2020,1,6/01/2020,11570.92,Loan Pay,5,180,1.555623926,Need,1541.44,13.32167192,33
2019,12,2/12/2019,9217.77,Loan Pay,5,4350,47.19145737,Need,6569.77,71.27287836,33
2019,11,4/11/2019,15395.47,Loan Pay,5,6780,44.03892833,Need,9513.56,61.79454086,33
2019,10,7/10/2019,9290.04,Loan Pay,4,3480,37.45947273,Need,5691.75,61.26722813,33
2019,9,2/09/2019,11849.86,Loan Pay,5,4350,36.70929446,Need,7830.33,66.07951486,33
2019,8,5/08/2019,11394.65,Loan Pay,4,3480,30.54064846,Need,7361.58,64.60558244,33
2019,7,1/07/2019,7783.18,Loan Pay,5,4350,55.889752,Need,8152.12,104.7402219,33
2019,6,3/06/2019,59160.3,Loan Pay,4,3480,5.882323112,Need,6379.46,10.78334626,33
2019,5,6/05/2019,7072.1,Loan Pay,4,3480,49.20744899,Need,5997.61,84.80663452,33
2019,4,1/04/2019,36185.65,Loan Pay,5,4350,12.02133995,Need,6772.9,18.71708813,33
2019,3,4/03/2019,33860.19,Loan Pay,5,5086.07,15.02079581,Need,8454.55,24.96899752,33
2019,2,4/02/2019,8229.01,Loan Pay,4,3410,41.43876359,Need,5728.05,69.60800874,33
2019,1,7/01/2019,14402.89,Loan Pay,4,3200,22.21776324,Need,4566.13,31.70287352,33
2018,12,3/12/2018,7558.02,Loan Pay,5,4000,52.92391394,Need,6858.88,90.7496937,33
2018,11,5/11/2018,7125.5,Loan Pay,4,3200,44.90912918,Need,5471.5,76.78759385,33
2018,10,1/10/2018,6801.5,Loan Pay,5,4000,58.81055649,Need,5791.3,85.14739396,33
2018,9,3/09/2018,7771.21,Loan Pay,4,3200,41.17762871,Need,6003.91,77.25836774,33
2018,8,13/08/2018,7667.51,Loan Pay,4,-4714.2,-61.48280211,Need,-3511.19,-45.79309319,33
2020,7,12/07/2020,13218.79,Miscellaneous,3,95.96,0.725936338,Need,9364.7,70.84385182,1
2020,6,19/06/2020,8068.83,Miscellaneous,3,151.77,1.880941847,Need,7149.73,88.60925314,1
2020,3,6/03/2020,44410.36,Miscellaneous,2,32.32,0.072775812,Need,44781.45,100.8355933,1
2020,2,1/02/2020,8157.21,Miscellaneous,1,112.5,1.379148018,Need,5731.9,70.26789797,1
2020,1,29/01/2020,11570.92,Miscellaneous,1,165,1.425988599,Need,1541.44,13.32167192,1
2019,12,22/12/2019,9217.77,Miscellaneous,1,8.92,0.096769609,Need,6569.77,71.27287836,1
2019,11,2/11/2019,15395.47,Miscellaneous,7,450.45,2.925860659,Need,9513.56,61.79454086,1
2019,10,13/10/2019,9290.04,Miscellaneous,1,44.88,0.483098028,Need,5691.75,61.26722813,1
2019,9,18/09/2019,11849.86,Miscellaneous,1,642.51,5.422089375,Need,7830.33,66.07951486,1
2019,8,4/08/2019,11394.65,Miscellaneous,7,1395.03,12.24285081,Need,7361.58,64.60558244,1
2019,7,7/07/2019,7783.18,Miscellaneous,5,454.65,5.841442701,Need,8152.12,104.7402219,1
2019,6,27/06/2019,59160.3,Miscellaneous,2,293.44,0.496008303,Need,6379.46,10.78334626,1
2019,5,12/05/2019,7072.1,Miscellaneous,3,287.47,4.064846368,Need,5997.61,84.80663452,1
2019,4,4/04/2019,36185.65,Miscellaneous,3,106.43,0.294122117,Need,6772.9,18.71708813,1
2019,3,8/03/2019,33860.19,Miscellaneous,2,152.85,0.451415069,Need,8454.55,24.96899752,1
2019,2,10/02/2019,8229.01,Miscellaneous,6,269.3,3.272568632,Need,5728.05,69.60800874,1
2019,1,9/01/2019,14402.89,Miscellaneous,1,27.98,0.194266567,Need,4566.13,31.70287352,1
2018,12,2/12/2018,7558.02,Miscellaneous,3,184.98,2.4474664,Need,6858.88,90.7496937,1
2018,11,4/11/2018,7125.5,Miscellaneous,1,11.25,0.157883657,Need,5471.5,76.78759385,1
2018,10,22/10/2018,6801.5,Miscellaneous,1,22.25,0.327133721,Need,5791.3,85.14739396,1
2018,8,13/08/2018,7667.51,Miscellaneous,2,129,1.682423629,Need,-3511.19,-45.79309319,1
2020,7,5/07/2020,13218.79,Restaurants & dining,3,23,0.173994745,Desire,4598.86,34.79032498,5
2020,6,18/06/2020,8068.83,Restaurants & dining,3,114.24,1.41581865,Desire,1768.45,21.91705613,5
2020,3,8/03/2020,44410.36,Restaurants & dining,5,123.4,0.277863093,Desire,2207.66,4.971047296,5
2020,2,3/02/2020,8157.21,Restaurants & dining,3,36.95,0.452973504,Desire,6381.31,78.22907587,5
2020,1,10/01/2020,11570.92,Restaurants & dining,3,33.17,0.28666692,Desire,4374.87,37.80918026,5
2019,12,2/12/2019,9217.77,Restaurants & dining,2,22.35,0.242466453,Desire,3915.1,42.47339649,5
2019,11,1/11/2019,15395.47,Restaurants & dining,7,235.28,1.528241749,Desire,948.33,6.159798954,5
2019,10,2/10/2019,9290.04,Restaurants & dining,7,219.43,2.361991983,Desire,5934.68,63.88217919,5
2019,9,2/09/2019,11849.86,Restaurants & dining,8,140.04,1.181786114,Desire,8039.05,67.84088588,5
2019,8,11/08/2019,11394.65,Restaurants & dining,8,170.7,1.498071463,Desire,5404.24,47.42787185,5
2019,7,5/07/2019,7783.18,Restaurants & dining,9,249.2,3.201776138,Desire,1761.24,22.62879697,5
2019,6,8/06/2019,59160.3,Restaurants & dining,7,101.25,0.171145177,Desire,968.49,1.637060664,5
2019,5,10/05/2019,7072.1,Restaurants & dining,5,88.47,1.25097213,Desire,4910.67,69.43722515,5
2019,4,3/04/2019,36185.65,Restaurants & dining,7,235.33,0.650340674,Desire,6109.74,16.88442794,5
2019,3,1/03/2019,33860.19,Restaurants & dining,7,160.8,0.474893968,Desire,2172.84,6.417093348,5
2019,2,3/02/2019,8229.01,Restaurants & dining,4,55.7,0.676873646,Desire,1178.83,14.32529551,5
2019,1,15/01/2019,14402.89,Restaurants & dining,1,11,0.076373561,Desire,9676.3,67.18304451,5
2018,12,8/12/2018,7558.02,Restaurants & dining,2,13,0.17200272,Desire,3166.63,41.8976134,5
2018,11,4/11/2018,7125.5,Restaurants & dining,5,110.88,1.556101326,Desire,4916.64,69.00063153,5
2018,10,7/10/2018,6801.5,Restaurants & dining,4,99.9,1.468793648,Desire,2979.52,43.80680732,5
2018,9,13/09/2018,7771.21,Restaurants & dining,3,83.35,1.072548548,Desire,3370.38,43.37008008,5
2018,8,15/08/2018,7667.51,Restaurants & dining,2,40.9,0.533419585,Desire,5947.96,77.57355387,5
2020,7,8/07/2020,13218.79,Retail Shopping,4,55.13,0.41705784,Desire,4598.86,34.79032498,4
2020,6,12/06/2020,8068.83,Retail Shopping,3,54,0.669242009,Desire,1768.45,21.91705613,4
2020,5,17/05/2020,10760.91,Retail Shopping,1,19.97,0.185579101,Desire,6280.45,58.36355847,4
2020,4,23/04/2020,24528.98,Retail Shopping,1,59,0.240531812,Desire,2595.43,10.58107594,4
2020,3,2/03/2020,44410.36,Retail Shopping,5,68.48,0.154198255,Desire,2207.66,4.971047296,4
2020,2,8/02/2020,8157.21,Retail Shopping,2,63,0.77232289,Desire,6381.31,78.22907587,4
2019,11,3/11/2019,15395.47,Retail Shopping,11,444.58,2.88773256,Desire,948.33,6.159798954,4
2019,10,2/10/2019,9290.04,Retail Shopping,4,59,0.635088762,Desire,5934.68,63.88217919,4
2019,9,1/09/2019,11849.86,Retail Shopping,14,306.06,2.582815324,Desire,8039.05,67.84088588,4
2019,8,4/08/2019,11394.65,Retail Shopping,7,122.4,1.074188325,Desire,5404.24,47.42787185,4
2019,7,4/07/2019,7783.18,Retail Shopping,11,145.86,1.874041202,Desire,1761.24,22.62879697,4
2019,6,8/06/2019,59160.3,Retail Shopping,8,170.95,0.288960671,Desire,968.49,1.637060664,4
2019,5,8/05/2019,7072.1,Retail Shopping,6,139.53,1.972964183,Desire,4910.67,69.43722515,4
2019,4,3/04/2019,36185.65,Retail Shopping,8,115.7,0.319740007,Desire,6109.74,16.88442794,4
2019,3,1/03/2019,33860.19,Retail Shopping,10,317.32,0.937147724,Desire,2172.84,6.417093348,4
2019,2,3/02/2019,8229.01,Retail Shopping,3,47.75,0.580264212,Desire,1178.83,14.32529551,4
2019,1,6/01/2019,14402.89,Retail Shopping,3,79.99,0.555374651,Desire,9676.3,67.18304451,4
2018,12,8/12/2018,7558.02,Retail Shopping,6,325.27,4.303640371,Desire,3166.63,41.8976134,4
2018,11,1/11/2018,7125.5,Retail Shopping,4,77.51,1.087783313,Desire,4916.64,69.00063153,4
2018,10,10/10/2018,6801.5,Retail Shopping,6,75.91,1.116077336,Desire,2979.52,43.80680732,4
2018,9,10/09/2018,7771.21,Retail Shopping,10,149.16,1.919392218,Desire,3370.38,43.37008008,4
2018,8,17/08/2018,7667.51,Retail Shopping,5,87.47,1.140787557,Desire,5947.96,77.57355387,4
2020,7,15/07/2020,13218.79,Subscription,2,21.48,0.162495962,Desire,4598.86,34.79032498,1
2020,6,15/06/2020,8068.83,Subscription,3,26.48,0.328176452,Desire,1768.45,21.91705613,1
2020,5,15/05/2020,10760.91,Subscription,2,21.48,0.199611371,Desire,6280.45,58.36355847,1
2020,4,15/04/2020,24528.98,Subscription,2,21.48,0.087569887,Desire,2595.43,10.58107594,1
2020,3,3/03/2020,44410.36,Subscription,3,31.98,0.072010225,Desire,2207.66,4.971047296,1
2020,2,15/02/2020,8157.21,Subscription,2,21.48,0.263325328,Desire,6381.31,78.22907587,1
2020,1,14/01/2020,11570.92,Subscription,3,31.48,0.27206134,Desire,4374.87,37.80918026,1
2019,12,15/12/2019,9217.77,Subscription,2,21.48,0.233028162,Desire,3915.1,42.47339649,1
2019,11,1/11/2019,15395.47,Subscription,3,29.78,0.193433523,Desire,948.33,6.159798954,1
2019,10,14/10/2019,9290.04,Subscription,3,29.48,0.317329097,Desire,5934.68,63.88217919,1
2019,9,14/09/2019,11849.86,Subscription,2,19.48,0.164390128,Desire,8039.05,67.84088588,1
2019,8,15/08/2019,11394.65,Subscription,2,19.48,0.170957423,Desire,5404.24,47.42787185,1
2019,7,1/07/2019,7783.18,Subscription,4,44.48,0.571488775,Desire,1761.24,22.62879697,1
2019,6,15/06/2019,59160.3,Subscription,3,44.48,0.075185555,Desire,968.49,1.637060664,1
2019,5,9/05/2019,7072.1,Subscription,4,74.97,1.060081164,Desire,4910.67,69.43722515,1
2019,4,10/04/2019,36185.65,Subscription,3,29.48,0.081468759,Desire,6109.74,16.88442794,1
2019,3,15/03/2019,33860.19,Subscription,2,19.48,0.057530687,Desire,2172.84,6.417093348,1
2019,2,14/02/2019,8229.01,Subscription,2,19.48,0.236723494,Desire,1178.83,14.32529551,1
2019,1,4/01/2019,14402.89,Subscription,4,83.48,0.579605899,Desire,9676.3,67.18304451,1
2018,12,15/12/2018,7558.02,Subscription,2,19.48,0.257739461,Desire,3166.63,41.8976134,1
2018,11,14/11/2018,7125.5,Subscription,3,29.48,0.413725353,Desire,4916.64,69.00063153,1
2018,10,15/10/2018,6801.5,Subscription,2,19.48,0.28640741,Desire,2979.52,43.80680732,1
2018,9,14/09/2018,7771.21,Subscription,2,19.48,0.250668815,Desire,3370.38,43.37008008,1
2018,8,14/08/2018,7667.51,Subscription,3,29.48,0.384479446,Desire,5947.96,77.57355387,1
2020,6,14/06/2020,8068.83,Travel,2,50.6,0.627104549,Desire,1768.45,21.91705613,3
2019,12,17/12/2019,9217.77,Travel,2,2416.77,26.21859734,Desire,3915.1,42.47339649,3
2019,10,12/10/2019,9290.04,Travel,1,39,0.419804436,Desire,5934.68,63.88217919,3
2019,9,22/09/2019,11849.86,Travel,1,35,0.295362139,Desire,8039.05,67.84088588,3
2019,8,22/08/2019,11394.65,Travel,3,1823.44,16.00259771,Desire,5404.24,47.42787185,3
2019,1,2/01/2019,14402.89,Travel,3,325.63,2.260865701,Desire,9676.3,67.18304451,3
2018,12,27/12/2018,7558.02,Travel,1,1896,25.08593521,Desire,3166.63,41.8976134,3
2018,11,12/11/2018,7125.5,Travel,1,3869,54.297944,Desire,4916.64,69.00063153,3
2018,9,7/09/2018,7771.21,Travel,1,1192.26,15.34201238,Desire,3370.38,43.37008008,3
2020,7,15/07/2020,13218.79,Utilities,2,386.87,2.926667267,Need,9364.7,70.84385182,5
2020,6,1/06/2020,8068.83,Utilities,8,1995.82,24.73493679,Need,7149.73,88.60925314,5
2020,5,1/05/2020,10760.91,Utilities,3,483.82,4.496088156,Need,7574.92,70.39293145,5
2020,4,15/04/2020,24528.98,Utilities,2,493.23,2.010805178,Need,17859.83,72.81114013,5
2020,3,13/03/2020,44410.36,Utilities,4,704.53,1.586409117,Need,44781.45,100.8355933,5
2020,2,6/02/2020,8157.21,Utilities,4,441.72,5.415086776,Need,5731.9,70.26789797,5
2020,1,15/01/2020,11570.92,Utilities,2,386.87,3.343467935,Need,1541.44,13.32167192,5
2019,12,9/12/2019,9217.77,Utilities,5,1048.53,11.37509398,Need,6569.77,71.27287836,5
2019,11,15/11/2019,15395.47,Utilities,2,386.87,2.512882036,Need,9513.56,61.79454086,5
2019,10,15/10/2019,9290.04,Utilities,3,609.07,6.556161222,Need,5691.75,61.26722813,5
2019,9,12/09/2019,11849.86,Utilities,5,1216.35,10.26467823,Need,7830.33,66.07951486,5
2019,8,28/08/2019,11394.65,Utilities,1,90,0.789844357,Need,7361.58,64.60558244,5
2019,7,15/07/2019,7783.18,Utilities,4,1389.41,17.85144375,Need,8152.12,104.7402219,5
2019,6,11/06/2019,59160.3,Utilities,5,1019.97,1.724078478,Need,6379.46,10.78334626,5
2019,5,1/05/2019,7072.1,Utilities,3,459.65,6.499483887,Need,5997.61,84.80663452,5
2019,4,15/04/2019,36185.65,Utilities,2,480.38,1.327542824,Need,6772.9,18.71708813,5
2019,3,7/03/2019,33860.19,Utilities,4,671.61,1.983479715,Need,8454.55,24.96899752,5
2019,2,1/02/2019,8229.01,Utilities,3,381.15,4.631784382,Need,5728.05,69.60800874,5
2019,1,15/01/2019,14402.89,Utilities,2,366.25,2.542892433,Need,4566.13,31.70287352,5
2018,12,6/12/2018,7558.02,Utilities,5,1130.49,14.95748887,Need,6858.88,90.7496937,5
2018,11,15/11/2018,7125.5,Utilities,2,366.25,5.139990176,Need,5471.5,76.78759385,5
2018,10,15/10/2018,6801.5,Utilities,2,366.25,5.384841579,Need,5791.3,85.14739396,5
2018,9,7/09/2018,7771.21,Utilities,4,1157.05,14.88892978,Need,6003.91,77.25836774,5
2018,8,28/08/2018,7667.51,Utilities,1,89.99,1.173653507,Need,-3511.19,-45.79309319,5
